,,,Bullet Damage,,,Reload Times (s),,,,Recoil,,,,,,,,,,COF Stand ADS,,COF Crouch ADS,,COF Stand Hip,,,COF Crouch Hip,,COF Bloom/Shot,,,,,,,
WEAPON NAME,EMPIRE,TYPE,Bullet Max Damage,Bullet Min Damage,Fire Mode,Short Reload,Long Reload,Mag Size,Ammo Pool,Recoil Vertical,Horiz. Min,Horiz. Max,Horiz. Tol.,Angle Min,Angle Max,Recoil Horiz. Bias,Recoil Decrease,First Shot Recoil Multiplier,ADS Move Speed Multiplier,Still,Move,Still,Move,Still,Move,Sprint,Still,Move,ADS,Hip,~ROF (rpm),Bullet Speed (m/s),WEAPON_ID,FIRE_GROUP_ID,FIRE_MODE_ADS,FIRE_MODE_HIP
GR-22,NC,AR,143 @ 10m,112 @ 60m,Auto,2.455,3.3,30,180,0.25,0.25,0.275,0.7875,30,40,→,18,3,0.75,0.1,0.35,0.1,0.2,1.5,2.25,5,1.125,1.75,0.05,0.1,800,600,21,7100,7272,7200
Carnage BR,NC,AR,143 @ 10m,125 @ 65m,Auto,2.285,2.6,30,180,0.247,0.275,0.3,0.8625,0,0,← = →,18,2.5,0.75,0.1,0.35,0.1,0.2,1.5,2.25,5,1.125,1.75,0.05,0.1,750,580,7103,7103,7275,7203
Gauss Rifle,NC,AR,167 @ 10m,143 @ 75m,Auto,1.95,2.6,30,150,0.3,0.175,0.175,0.4,23,25,→,18,2.15,0.5,0.03,0.3,0.03,0.15,2,2.5,5,1.5,2,0.06,0.12,600,650,4,4,104,4
Gauss Rifle S,NC,AR,167 @ 10m,143 @ 75m,Auto,2.1,2.8,30,150,0.34,0.175,0.2,0.35,23,25,→,18,1.5,0.5,0.03,0.3,0.03,0.15,2,2.5,5,1.5,2,0.06,0.12,577,600,7102,7102,7274,7202
Gauss Rifle Burst,NC,AR,167 @ 10m,143 @ 75m,Burst,1.95,2.6,30,150,0.3,0.14,0.14,0.28,23,24,→,18,2.15,0.5,0.0125,0.15,0.0125,0.075,2,2.5,5,1.5,2,0.06,0.12,600,650,7101,7101,7273,7201
Gauss Prime,NC,AR,167 @ 10m,143 @ 95m,Auto,1.95,2.6,30,150,0.285,0.14,0.14,0.4,23,25,→,18,2.15,0.5,0.03,0.3,0.03,0.15,2.5,3,5,2,2.5,0.06,0.12,600,650,77821,70066,70069,70068
Reaper DMR,NC,AR,200 @ 10m,167 @ 85m,Auto,1.925,2.565,24,120,0.44,0.2,0.2,0.4,0,0,← = →,15,1.5,0.5,0,0.32,0,0.17,2.5,3,5,2,2.5,0.07,0.14,500,555,7108,7108,7280,7208
NC-9 A-Tross,NC,AR,200 @ 10m,167 @ 85m,Auto,2.1,3.15,30,120,0.414,0.2,0.2,0.5,6.7,7.3,→,15,1.33,0.5,0,0.32,0,0.17,2.5,3,5,2,2.5,0.07,0.14,469,600,7104,7104,7276,7204
NS-11A,NS,AR,143 @ 10m,125 @ 65m,Auto,2,2.45,35,175,0.22,0.2,0.2,0.6,-20,-17,←,18,3,0.75,0.1,0.25,0.1,0.15,1.5,2.25,5,1.125,1.75,0.05,0.1,652,640,42001,21500,2001,2000
TORQ-9,TR,AR,125 @ 10m,112 @ 55m,Auto,2.12,2.92,40,200,0.29,0.199,0.199,0.4975,8,9,→,18,2.5,0.5,0.1,0.25,0.1,0.15,2,2.5,5,1.5,2,0.05,0.1,857,620,7129,7129,7301,7229
Cycler TRV,TR,AR,143 @ 10m,112 @ 60m,Auto,3.12,4.13,40,200,0.25,0.272,0.295,0.816,-20,-17,←,18,3,0.5,0.1,0.35,0.1,0.2,2.5,3,5,2,2.5,0.05,0.1,845,550,7124,7124,7296,7224
TAR,TR,AR,143 @ 10m,112 @ 60m,Auto,2.97,4.11,40,200,0.3,0.297,0.297,1,17,20,→,18,3,0.75,0.1,0.35,0.1,0.2,1.5,2.25,5,1.125,1.75,0.05,0.1,800,570,7128,7128,7300,7228
T1 Cycler,TR,AR,143 @ 10m,125 @ 65m,Auto,2.755,3.55,40,200,0.27,0.225,0.225,0.5,0,0,← = →,18,2.5,0.5,0.1,0.3,0.1,0.2,2,2.5,5,1.5,2,0.05,0.1,750,580,10,8,108,8
T1S Cycler,TR,AR,143 @ 10m,125 @ 65m,Auto,2.52,3.65,40,200,0.3,0.225,0.225,0.5,0,0,← = →,18,1.75,0.5,0.1,0.3,0.1,0.2,2,2.5,5,1.5,2,0.05,0.1,698,580,7127,7127,7299,7227
T1B Cycler,TR,AR,143 @ 10m,125 @ 65m,Burst,2.755,3.55,42,210,0.27,0.17,0.17,0.4,0,0,← = →,18,2.5,0.5,0.06,0.15,0.06,0.1,2,2.5,5,1.5,2,0.05,0.1,750,580,7126,7126,7298,7226
T1A Unity,TR,AR,143 @ 10m,125 @ 85m,Auto,2.755,3.55,40,200,0.2565,0.18,0.18,0.5,0,0,← = →,18,2.5,0.5,0.1,0.3,0.1,0.2,2.5,3,5,2,2.5,0.05,0.1,750,580,110,744,790,789
SABR-13,TR,AR,167 @ 10m,143 @ 75m,Burst,2.665,3.2,30,150,0.4,0.15,0.175,0.35,0,0,← = →,18,0.75,0.5,0.03,0.3,0.03,0.15,2,2.5,5,1.5,2,0.06,0.12,600,620,7125,7125,7297,7225
H-V45,VS,AR,143 @ 10m,112 @ 60m,Auto,2.565,3.2,30,180,0.245,0.3,0.3,0.8,15,20,→,18,3,0.75,0.1,0.35,0.1,0.2,1.5,2.25,5,1.125,1.75,0.05,0.1,800,570,7148,7148,7320,7248
CME,VS,AR,143 @ 10m,125 @ 65m,Auto,2,2.34,30,180,0.2,0.22,0.22,0.5,17,18,→,18,2,0.5,0.1,0.25,0.1,0.15,2,2.5,5,1.5,2,0.05,0.1,652,670,7149,7149,7321,7249
Equinox,VS,AR,143 @ 10m,125 @ 65m,Auto,1.875,2.3,30,180,0.25,0.2,0.2,0.7,17,20,→,18,2.25,0.5,0.1,0.25,0.1,0.15,2,2.5,5,1.5,2,0.05,0.1,652,615,7151,7151,7323,7251
Pulsar VS1,VS,AR,143 @ 10m,125 @ 65m,Auto,1.75,2.2,30,180,0.22,0.2,0.2,0.7,17,20,→,18,2.75,0.5,0.1,0.25,0.1,0.15,2,2.5,5,1.5,2,0.05,0.1,698,615,11,9,109,9
Terminus VX-9,VS,AR,143 @ 10m,125 @ 65m,Auto,1.95,2.65,30,180,0.295,0.2068,0.2218,0.5,5,6,→,18,2.5,0.5,0.1,0.3,0.1,0.2,2,2.5,5,1.5,2,0.05,0.1,769,580,7153,7153,7325,7253
Equinox Burst,VS,AR,143 @ 10m,125 @ 65m,Burst,1.75,2.2,30,180,0.22,0.16,0.16,0.4,17,19,→,18,2.75,0.5,0.06,0.125,0.06,0.075,2,2.5,5,1.5,2,0.05,0.1,698,615,7150,7150,7322,7250
Darkstar,VS,AR,143 @ 10m,125 @ 85m,Auto,1.75,2.2,30,180,0.209,0.16,0.16,0.7,17,20,→,18,2.75,0.5,0.1,0.25,0.1,0.15,2.5,3,5,2,2.5,0.05,0.1,698,615,111,746,794,793
Corvus,VS,AR,167 @ 10m,143 @ 75m,Auto,2.015,2.47,30,150,0.3,0.15,0.15,0.5,0,0,← = →,18,1.75,0.5,0.03,0.3,0.03,0.15,2,2.5,5,1.5,2,0.06,0.12,526,600,7152,7152,7324,7252
Warden,NC,BATTLE RIFLE,250 @ 8m,225 @ 75m,Semi,2.5,3.4,20,100,0.6,0.18,0.22,0.5,25,25,→,15,1,0.5,0.1,0.25,0.1,0.15,3,3.5,5,2.5,3,0.1,0.2,333,600,24008,24008,24108,24008
GD Guardian,NC,BATTLE RIFLE,250 @ 8m,225 @ 95m,Semi,2.5,3.4,20,100,0.58,0.14,0.17,0.5,25,25,→,15,1,0.5,0.1,0.25,0.1,0.15,3.5,4,5,3,3.5,0.1,0.2,333,650,126,776,854,853
AMR-66,TR,BATTLE RIFLE,250 @ 8m,225 @ 75m,Semi,2.5,3.4,20,100,0.6,0.18,0.22,0.5,25,25,→,15,1,0.5,0.1,0.25,0.1,0.15,3,3.5,5,2.5,3,0.1,0.2,333,600,25008,25008,25108,25008
DMR-99,TR,BATTLE RIFLE,250 @ 8m,225 @ 95m,Semi,2.5,3.4,20,100,0.58,0.14,0.17,0.5,25,25,→,15,1,0.5,0.1,0.25,0.1,0.15,3.5,4,5,3,3.5,0.1,0.2,333,650,127,778,858,857
Eidolon,VS,BATTLE RIFLE,250 @ 8m,225 @ 75m,Semi,2.5,3.4,20,100,0.6,0.18,0.22,0.5,25,25,→,15,1,0.5,0.1,0.25,0.1,0.15,3,3.5,5,2.5,3,0.1,0.2,333,570,26008,26008,26108,26008
Revenant,VS,BATTLE RIFLE,250 @ 8m,225 @ 95m,Semi,2.5,3.4,20,100,0.58,0.18,0.22,0.5,25,25,→,15,1,0.5,0.1,0.25,0.1,0.15,3.5,4,5,3,3.5,0.1,0.2,333,620,128,780,862,861
GD-7F,NC,CARBINE,143 @ 10m,100 @ 60m,Auto,2.7,3,30,180,0.31,0.225,0.3,0.625,-19,-17.5,←,18,2,0.5,0.1,0.35,0.1,0.2,1.5,2,5,1,1.5,0.05,0.1,845,500,7169,7169,7404,7341
AF-4A Bandit,NC,CARBINE,167 @ 10m,112 @ 60m,Auto,2.68,3.075,30,150,0.437,0.2,0.2,0.6,0,0,← = →,18,1.75,0.75,0.03,0.35,0.03,0.2,1.25,1.75,5,1,1.25,0.06,0.12,632,440,7174,7174,7409,7346
AF-19 Mercenary,NC,CARBINE,167 @ 10m,125 @ 70m,Auto,1.8,2.75,30,150,0.4,0.175,0.175,0.45,0,0,← = →,18,1.75,0.5,0.03,0.3,0.03,0.15,1.5,2,5,1,1.5,0.06,0.12,600,500,3,3,103,3
Gauss Compact S,NC,CARBINE,167 @ 10m,125 @ 70m,Auto,2.365,2.94,30,150,0.45,0.175,0.2,0.45,0,0,← = →,18,1.4,0.5,0.03,0.3,0.03,0.15,1.5,2,5,1,1.5,0.06,0.12,577,500,7172,7172,7407,7344
Razor GD-23,NC,CARBINE,167 @ 10m,125 @ 70m,Auto,1.66,2,30,150,0.35,0.1875,0.1875,0.45,12,12,→,18,1.5,0.5,0.03,0.3,0.03,0.15,1.5,2,5,1,1.5,0.06,0.12,550,560,7173,7173,7408,7345
Gauss Compact Burst,NC,CARBINE,167 @ 10m,125 @ 70m,Burst,1.8,2.75,30,150,0.4,0.14,0.14,0.28,-2,2,← = →,18,1.75,0.5,0.0125,0.15,0.0125,0.075,1.5,2,5,1,1.5,0.06,0.12,600,500,7171,7171,7406,7343
19A Fortuna,NC,CARBINE,167 @ 15m,125 @ 70m,Auto,1.8,2.75,30,150,0.4,0.175,0.175,0.45,0,0,← = →,18,1.75,0.5,0.03,0.3,0.03,0.15,1,1.34,5,0.67,1,0.06,0.12,600,475,103,730,762,761
AC-X11,NC,CARBINE,200 @ 10m,143 @ 80m,Auto,2.045,2.74,24,120,0.45,0.175,0.2,0.4,0,0,← = →,15,1.5,0.5,0,0.32,0,0.17,2.25,2.75,5,1.75,2.25,0.07,0.14,500,480,7170,7170,7405,7342
NS-11C,NS,CARBINE,143 @ 10m,112 @ 60m,Auto,1.85,2.3,35,175,0.22,0.2,0.2,0.6,-20,-17,←,18,3,0.75,0.1,0.25,0.1,0.15,1.5,2,5,1,1.5,0.05,0.1,652,450,70010,70007,70017,70016
LC2 Lynx,TR,CARBINE,125 @ 10m,100 @ 50m,Auto,2.33,3.14,40,200,0.34,0.1793,0.1986,0.5379,8,10,→,18,2,0.5,0.1,0.25,0.1,0.15,1.5,2,5,1,1.5,0.05,0.1,909,450,19000,19000,19100,19000
T5 AMC,TR,CARBINE,143 @ 10m,112 @ 60m,Auto,2.265,3.13,40,200,0.295,0.2,0.2,0.45,20,20,→,18,1.5,0.5,0.1,0.3,0.1,0.2,1.5,2,5,1,1.5,0.05,0.1,652,570,7190,7190,7425,7362
TRAC-5,TR,CARBINE,143 @ 10m,112 @ 60m,Auto,2.595,3.7,40,200,0.3,0.225,0.225,0.55,23,25,→,18,2.35,0.5,0.1,0.3,0.1,0.2,1.5,2,5,1,1.5,0.05,0.1,750,490,16,14,114,14
TRAC-5 S,TR,CARBINE,143 @ 10m,112 @ 60m,Auto,2.595,3.87,40,200,0.34,0.225,0.225,0.55,23,25,→,18,1.85,0.5,0.1,0.3,0.1,0.2,1.5,2,5,1,1.5,0.05,0.1,698,490,7192,7192,7427,7364
TRAC-5 Burst,TR,CARBINE,143 @ 10m,112 @ 60m,Burst,2.595,3.7,42,210,0.3,0.17,0.17,0.4,23,25,→,18,2.35,0.5,0.06,0.15,0.06,0.1,1.5,2,5,1,1.5,0.05,0.1,750,490,7191,7191,7426,7363
LC3 Jaguar,TR,CARBINE,143 @ 10m,112 @ 60m,Semi,2.755,3.89,40,200,0.31,0.243,0.273,0.735,0,0,← = →,18,2.1,0.75,0.1,0.35,0.1,0.2,1.25,1.75,5,1,1.25,0.05,0.1,750,440,7193,1023,7432,7431
TRAC-Shot,TR,CARBINE,143 @ 15m,112 @ 60m,Auto,2.595,3.7,40,200,0.3,0.225,0.225,0.55,23,25,→,18,2.35,0.5,0.1,0.3,0.1,0.2,1,1.34,5,0.67,1,0.05,0.1,750,465,112,748,798,797
HC1 Cougar,TR,CARBINE,167 @ 10m,125 @ 70m,Auto,2.015,2.845,35,175,0.35,0.1875,0.1875,0.45,-11,-11,←,18,1.5,0.5,0.03,0.3,0.03,0.15,1.75,2.25,5,1.25,1.75,0.06,0.12,550,520,7194,7194,7429,7366
VX6-7,VS,CARBINE,143 @ 10m,100 @ 60m,Auto,2.15,2.755,30,180,0.3,0.25,0.25,0.7,20,30,→,18,3,0.5,0.1,0.35,0.1,0.2,1.25,1.75,5,1,1.25,0.05,0.1,800,465,20000,20000,20100,20000
Serpent,VS,CARBINE,143 @ 10m,100 @ 60m,Semi,2.59,2.89,30,180,0.255,0.25,0.275,0.7875,-27,-20,←,18,3,0.5,0.1,0.35,0.1,0.2,1.5,2,5,1,1.5,0.05,0.1,845,420,7214,1022,7392,7391
Solstice,VS,CARBINE,143 @ 10m,112 @ 60m,Auto,1.65,2.28,30,180,0.25,0.2,0.2,0.5,14,17,→,18,2.8,0.5,0.1,0.25,0.1,0.15,1.5,2,5,1,1.5,0.05,0.1,698,515,17,15,115,15
Solstice SF,VS,CARBINE,143 @ 10m,112 @ 60m,Auto,1.875,2.78,30,180,0.28,0.2,0.2,0.5,14,17,→,18,2.3,0.5,0.1,0.25,0.1,0.15,1.5,2,5,1,1.5,0.05,0.1,652,515,7213,7213,7448,7385
Solstice Burst,VS,CARBINE,143 @ 10m,112 @ 60m,Burst,1.65,2.28,30,180,0.25,0.16,0.16,0.4,14,16,→,18,2.8,0.5,0.06,0.125,0.06,0.075,1.5,2,5,1,1.5,0.05,0.1,698,515,7212,7212,7447,7384
Zenith VX-5,VS,CARBINE,143 @ 10m,112 @ 60m,Semi,2.18,2.5,30,180,0.295,0.2465,0.2748,0.78195,4,5,→,18,2.4,0.75,0.1,0.35,0.1,0.2,1.25,1.75,5,1,1.25,0.05,0.1,723,460,7215,7215,7450,7387
Eclipse VE3A,VS,CARBINE,143 @ 15m,112 @ 60m,Auto,1.65,2.28,30,180,0.25,0.2,0.2,0.5,14,17,→,18,2.8,0.5,0.1,0.25,0.1,0.15,1,1.34,5,0.67,1,0.05,0.1,698,490,113,750,802,801
Pulsar C,VS,CARBINE,167 @ 10m,125 @ 70m,Auto,1.67,2.61,30,150,0.4,0.175,0.175,0.3,0,0,← = →,15,1.5,0.5,0.03,0.3,0.03,0.15,1.5,2,5,1,1.5,0.06,0.12,577,515,7211,7211,7446,7383
Jackhammer,NC,HEAVY WPN,112x6,2.5 Spread,Pump,2.7,3.7,9,45,1.2,0.2,0.2,0.4,0,0,← = →,15,1,0.75,0.1,0.75,0.1,0.325,1.5,2,5,1,1.5,0.5,0.5,451,400,7528,94,98,97
T7 Mini-Chaingun,TR,HEAVY WPN,143 @ 10m,112 @ 60m,Auto,4.39,5.39,100,300,0.2,0.225,0.3,0.9,0,0,← = →,12,3,0.5,1.5,1.5,1.5,1.5,2.25,2.75,5,1.75,2.25,0.05,0.05,800,600,7533,7533,8062,8041
Lasher,VS,HEAVY WPN,155 @ 10m,75 Splash,Auto,4.2,5.2,75,225,0.4,0.1,0.2,0.75,10,10,→,15,1.5,0.5,0.3,0.5,0.3,0.3,1.5,2,5,1,1.5,0.05,0.1,333,100,7540,7540,8069,8048
EM1,NC,LMG,143 @ 10m,125 @ 65m,Auto,3.5,4.465,100,300,0.335,0.2,0.2,0.7,0,0,← = →,13,2.3,0.5,0.1,0.4,0.1,0.2,4,4.5,7,3.5,4,0.05,0.1,652,650,7232,7232,7530,7467
Anchor,NC,LMG,167 @ 10m,143 @ 75m,Auto,3.37,4,50,200,0.4,0.175,0.175,0.4,18,20,→,13,2,0.5,0.03,0.35,0.03,0.2,3,3.75,7,2.25,3,0.06,0.12,600,600,7236,7236,7534,7471
GD-22S,NC,LMG,167 @ 10m,143 @ 75m,Auto,2.275,3.765,50,200,0.4,0.175,0.175,0.4,10,13,→,15,1.5,0.5,0.03,0.35,0.03,0.2,3,3.75,7,2.25,3,0.06,0.12,577,620,7233,7233,7531,7468
Gauss SAW S,NC,LMG,167 @ 10m,143 @ 75m,Auto,4.24,5.02,75,225,0.45,0.175,0.175,0.6,0,0,← = →,13,1.65,0.5,0.03,0.4,0.03,0.2,3.75,4.25,7,3.25,3.75,0.06,0.12,577,630,7234,7234,7532,7469
EM6,NC,LMG,167 @ 10m,143 @ 75m,Auto,4.655,5.655,100,300,0.45,0.175,0.175,0.7,0,0,← = →,12,1.8,0.5,0.03,0.4,0.03,0.2,4,4.5,7,3.5,4,0.06,0.12,600,570,7235,7235,7533,7470
NC6 Gauss Saw,NC,LMG,200 @ 10m,167 @ 85m,Auto,6.5,7.5,100,300,0.55,0.175,0.175,0.525,0,0,← = →,12,1.65,0.5,0,0.5,0,0.2,4,4.5,7,3.5,4,0.07,0.14,500,600,23,20,120,20
NC6A Godsaw,NC,LMG,200 @ 10m,167 @ 85m,Auto,7.5,7.5,150,300,0.55,0.14875,0.14875,0.525,0,0,← = →,12,1.65,0.5,0,0.5,0,0.2,4,4.5,7,3.5,4,0.084,0.168,500,600,105,734,770,769
NS-15M,NS,LMG,143 @ 10m,125 @ 65m,Auto,2.15,2.5,55,220,0.3,0.2,0.2,0.6,-20,-17,←,15,2,0.75,0.1,0.35,0.1,0.2,2.5,3.25,7,2,2.75,0.05,0.1,625,640,70011,70008,70019,70018
MSW-R,TR,LMG,143 @ 10m,125 @ 65m,Auto,3.045,3.305,50,200,0.35,0.225,0.225,0.55,17,20,→,13,2.5,0.5,0.1,0.35,0.1,0.2,3,3.75,7,2.25,3,0.05,0.1,750,580,7254,7254,7552,7489
T32 Bull,TR,LMG,143 @ 10m,125 @ 65m,Auto,2.89,3.28,60,180,0.3,0.2,0.2,0.5,0,0,← = →,13,2,0.5,0.1,0.35,0.1,0.2,2.5,3.25,7,2,2.75,0.05,0.1,652,670,7257,7257,7555,7492
T16,TR,LMG,143 @ 10m,125 @ 65m,Auto,3.96,4.925,100,300,0.3,0.2,0.2,0.7,0,0,← = →,13,2,0.5,0.1,0.4,0.1,0.2,4,4.5,7,3.5,4,0.05,0.1,652,640,7255,7255,7553,7490
T9 CARV,TR,LMG,143 @ 10m,125 @ 65m,Auto,5.4,6.2,100,300,0.4,0.225,0.225,0.9,0,0,← = →,12,2,0.5,0.1,0.4,0.1,0.2,4,4.5,7,3.5,4,0.05,0.1,750,600,24,21,121,21
T9A Butcher,TR,LMG,143 @ 10m,125 @ 65m,Auto,6.2,6.2,150,300,0.4,0.19125,0.19125,0.85,0,0,← = →,12,2,0.5,0.1,0.4,0.1,0.2,4,4.5,7,3.5,4,0.06,0.12,750,600,114,752,806,805
T9 CARV-S,TR,LMG,143 @ 10m,125 @ 65m,Semi,4.64,5.58,100,300,0.42,0.2,0.2119,0.8,0,0,← = →,12,1.75,0.5,0.1,0.4,0.1,0.2,4,4.5,7,3.5,4,0.05,0.1,698,600,7253,93,96,95
TMG-50,TR,LMG,167 @ 10m,143 @ 75m,Auto,4.24,5.225,75,225,0.45,0.175,0.175,0.7,0,0,← = →,15,1.5,0.5,0.03,0.4,0.03,0.2,3.75,4.25,7,3.25,3.75,0.06,0.12,577,615,7256,7256,7554,7491
Orion,VS,LMG,143 @ 10m,125 @ 65m,Auto,3.28,3.655,50,200,0.4,0.2,0.225,0.9,0,0,← = →,13,2.25,0.75,0.1,0.4,0.1,0.2,2.75,3.5,7,2.25,2.75,0.05,0.1,750,570,22,19,119,19
Betelgeuse 54-A,VS,LMG,143 @ 10m,125 @ 65m,Auto,3.28,3.655,65,195,0.4,0.17,0.19125,0.85,0,0,← = →,13,2.25,0.75,0.1,0.4,0.1,0.2,2.75,3.5,7,2.25,2.75,0.06,0.12,750,570,108,740,782,781
Pulsar LSW,VS,LMG,143 @ 10m,125 @ 65m,Auto,3.09,3.9,75,225,0.335,0.2,0.2,0.8,14,17,→,13,2.45,0.5,0.1,0.4,0.1,0.2,3.75,4.25,7,3.25,3.75,0.05,0.1,698,620,7275,7275,7573,7510
SVA-88,VS,LMG,143 @ 10m,125 @ 65m,Auto,3.38,4.7,75,225,0.44,0.2,0.225,0.9,0,0,← = →,12,1.75,0.75,0.1,0.4,0.1,0.2,3.5,4,7,3,3.5,0.05,0.1,698,630,7276,7276,7574,7511
VX29 Polaris,VS,LMG,143 @ 10m,125 @ 65m,Auto,3.925,4.925,100,300,0.3,0.2,0.2,0.7,17,20,→,13,2,0.5,0.1,0.4,0.1,0.2,3,3.75,7,2.25,3.25,0.05,0.1,652,625,7274,7274,7572,7509
Flare,VS,LMG,167 @ 10m,143 @ 75m,Auto,4.24,5.225,75,225,0.44,0.2,0.2,0.75,0,0,← = →,13,1.85,0.5,0.03,0.4,0.03,0.2,3.75,4.25,7,3.25,3.75,0.06,0.12,577,600,7277,7277,7575,7512
Ursa,VS,LMG,167 @ 10m,143 @ 75m,Auto,3.72,4.7,75,225,0.395,0.182,0.182,0.5,0,0,← = →,13,1.5,0.5,0.03,0.4,0.03,0.2,3.75,4.25,7,3.25,3.75,0.06,0.12,550,640,7278,7278,7576,7513
Mattock,NC,MAX (AI),112x6,2.5 Spread,Semi,3,3.8,6,54,0.2,0,0,0,-0.1,0.1,← = →,7,1,1,,,,,1.5,2,5,1,1.5,,1,180,400,7505,7505,8013,8013
Hacksaw,NC,MAX (AI),125x6,4 Spread,Auto,3.2,4,6,54,0.2,0,0,0,-0.1,0.1,← = →,7,1,1,,,,,2,2.5,5,1.5,2,,1,209,300,7506,7506,8014,8014
Scattercannon,NC,MAX (AI),130x6,3 Spread,Semi,2.945,3.8,6,54,0.2,0,0,0,-0.1,0.1,← = →,7,1,1,,,,,1.5,2,5,1,1.5,,1,180,300,16000,16000,16000,16000
Grinder,NC,MAX (AI),130x6,3.5 Spread,Semi,3.4,4.3,8,56,0.2,0,0,0,-0.1,0.1,← = →,7,1,1,,,,,2.15,2.65,5,1.65,2.15,,1,180,275,7507,7507,8015,8015
Onslaught,TR,MAX (AI),125 @ 10m,100 @ 50m,Auto,2.5,3,60,420,0.2,0,0,0,-0.25,0.25,← = →,7,1.5,1,,,,,2,2.5,5,1.5,2,,0.05,492,440,7512,7512,8020,8020
Mercy,TR,MAX (AI),125 @ 10m,125 @ 65m,Auto,2.6,3,50,350,0.2,0,0,0,-0.25,0.25,← = →,7,1.5,1,,,,,1.25,1.75,5,1,1.25,,0.05,426,550,7518,7518,8026,8026
Heavy Cycler,TR,MAX (AI),143 @ 10m,125 @ 65m,Auto,2.4,3,60,420,0.2,0,0,0,-0.25,0.25,← = →,7,1.5,1,,,,,2,2.5,5,1.5,2,,0.05,400,450,15000,15000,15000,15000
Mutilator,TR,MAX (AI),143 @ 10m,125 @ 65m,Auto,2.4,3.4,100,700,0.2,0,0,0,-0.25,0.25,← = →,7,1.5,1,,,,,2,2.5,5,1.5,2,,0.05,400,500,7513,7513,8021,8021
Nebula,VS,MAX (AI),143 @ 10m,112 @ 50m,Auto,2.3,2.6,50,350,0.2,0,0,0,-0.25,0.25,← = →,7,1.5,1,,,,,2,2.5,5,1.5,2,,0.05,426,430,7519,7519,8027,8027
Blue Shift,VS,MAX (AI),143 @ 10m,143 @ 75m,Auto,2.3,2.8,40,280,0.2,0,0,0,-0.25,0.25,← = →,7,1.5,1,,,,,1.15,1.65,5,0.9,1.15,,0.06,366,550,7525,7525,8033,8033
Quasar,VS,MAX (AI),167 @ 10m,143 @ 75m,Auto,2.1,2.8,50,350,0.2,0,0,0,-0.25,0.25,← = →,7,1.5,1,,,,,1.9,2.4,5,1.4,1.9,,0.06,337,450,17000,17000,17000,17000
Cosmos,VS,MAX (AI),167 @ 10m,143 @ 75m,Auto,2.1,3.1,75,525,0.2,0,0,0,-0.25,0.25,← = →,7,1.5,1,,,,,2.15,2.65,5,1.65,2.15,,0.06,337,500,7520,7520,8028,8028
NC-08 Mag Scatter,NC,PISTOL,100x6,3 Spread,Semi,1.8,2.6,4,24,1,0.1,0.2,0.3,0,0,← = →,12,1,0.75,0.1,0.7,0.1,0.35,1.25,1.75,5,1,1.25,0.5,0.5,120,300,7390,7390,7808,7772
LA3 Desperado,NC,PISTOL,167 @ 8m,100 @ 50m,Burst,1.55,1.85,14,70,0.7,0.15,0.15,0.3,4,4,→,18,1,0.75,0.6,0.6,0.6,0.6,1.5,2,5,1,1.5,0.12,0.24,500,350,7389,7389,1102,1002
The Executive,NC,PISTOL,200 @ 10m,112 @ 40m,Semi,1.6,1.9,15,60,0.8,0.1,0.1,0.3,0,0,← = →,18,1,0.75,0.3,0.3,0.3,0.3,1.2,1.8,5,1.2,1.8,0.14,0.28,351,188,107,738,778,777
Mag-Shot,NC,PISTOL,200 @ 10m,112 @ 60m,Semi,1.6,1.9,15,60,0.8,0.1,0.1,0.3,0,0,← = →,18,1,0.75,0.3,0.3,0.3,0.3,1,1.5,5,1,1.5,0.14,0.28,351,375,2,2,102,2
Rebel,NC,PISTOL,250 @ 15m,143 @ 60m,Semi,1.4,1.7,10,50,0.8,0.1,0.1,0.3,0,0,← = →,18,1,0.75,0.3,0.3,0.3,0.3,1,1.5,5,1,1.5,0.18,0.36,261,375,7388,7388,7806,7770
NS-357 Underboss,NS,PISTOL,375 @ 8m,200 @ 42m,Semi,2.5,3.5,6,36,1.5,0.18,0.18,0.4,0,0,← = →,12,1,0.75,0.2,0.2,0.2,0.2,1.25,1.75,5,1.25,1.75,0.2,0.4,221,350,70013,70010,70023,70022
NS-44 Commissioner,NS,PISTOL,450 @ 8m,225 @ 42m,Semi,3,4,6,36,1.8,0.18,0.18,0.4,0,0,← = →,10,1,0.75,0.2,0.2,0.2,0.2,1.25,1.75,5,1.25,1.75,0.2,0.4,170,450,70012,70009,70021,70020
NS Crossbow,NS,PISTOL,650 @ 35m,500 @ 60m,Bolt,2.5,3.5,4,24,0.4,0.18,0.18,0.4,0,0,← = →,10,1,0.75,0,0.55,0,0.2,1.75,2.25,5,1.5,2,1,1,60,150,70015,70022,70025,70024
T4 AMP,TR,PISTOL,100 @ 8m,71 @ 50m,Auto,1.6,2,21,105,0.65,0.2,0.225,0.6,0,0,← = →,18,1.25,0.75,0.8,0.8,0.8,0.8,1.5,2,5,1,1.5,0.1,0.2,938,375,7402,7402,7820,7784
The President,TR,PISTOL,112 @ 8m,77 @ 30m,Burst,1.7,2,21,84,0.65,0.175,0.175,0.5,0,0,← = →,18,1.5,0.75,0.8,0.8,0.8,0.8,1.8,2.4,5,1.2,1.8,0.1,0.2,845,188,120,764,830,829
TX1 Repeater,TR,PISTOL,112 @ 8m,77 @ 50m,Burst,1.7,2,21,84,0.65,0.175,0.175,0.5,0,0,← = →,18,1.5,0.75,0.8,0.8,0.8,0.8,1.5,2,5,1,1.5,0.1,0.2,845,375,12,10,110,10
TS2 Inquisitor,TR,PISTOL,143 @ 10m,91 @ 60m,Semi,2.1,2.4,30,90,0.8,0.1,0.1,0.3,0,0,← = →,18,1,0.75,0.3,0.3,0.3,0.3,1,1.5,5,1,1.5,0.1,0.2,531,375,7401,7401,7819,7783
TX2 Emperor,TR,PISTOL,167 @ 15m,112 @ 60m,Semi,1.525,1.8,21,63,0.8,0.1,0.1,0.3,0,0,← = →,18,1,0.75,0.3,0.3,0.3,0.3,1,1.5,5,1,1.5,0.12,0.24,400,390,7400,7400,7811,7775
The Immortal,VS,PISTOL,167 @ 10m,100 @ 40m,Semi,1.45,1.75,17,68,0.8,0.1,0.1,0.3,0,0,← = →,18,1,0.75,0.3,0.3,0.3,0.3,1.2,1.8,5,1.2,1.8,0.12,0.24,451,163,121,766,834,833
Beamer VS3,VS,PISTOL,167 @ 10m,100 @ 60m,Semi,1.45,1.75,17,68,0.8,0.1,0.1,0.3,0,0,← = →,18,1,0.75,0.3,0.3,0.3,0.3,1,1.5,5,1,1.5,0.12,0.24,451,325,13,11,111,11
Spiker,VS,PISTOL,167 @ 10m,84 @ 60m,Burst,1.53,1.845,18,90,0.7,0.175,0.175,0.5,0,0,← = →,18,1,0.75,0.5,0.5,0.5,0.5,1,1.5,5,1,1.5,0.11,0.22,366,325,7414,7414,7832,7796
Manticore,VS,PISTOL,200 @ 10m,112 @ 60m,Semi,1.6,1.9,15,60,0.8,0.1,0.1,0.3,0,0,← = →,18,1,0.75,0.3,0.3,0.3,0.3,1,1.5,5,1,1.5,0.14,0.28,351,325,7412,7412,7830,7794
Cerberus,VS,PISTOL,250 @ 8m,112 @ 50m,Semi,1.65,2,10,50,0.8,0.1,0.1,0.3,0,0,← = →,18,1,0.75,0.3,0.3,0.3,0.3,1,1.5,5,1,1.5,0.18,0.36,300,300,7413,7413,7831,7795
Stalker,NC,SCOUT RIFLE,143 @ 10m,125 @ 60m,Auto,2,2.64,24,216,0.3,0.2,0.225,0.6,0,0,← = →,18,1.5,0.5,0.1,0.3,0.1,0.2,2.5,3,5,2,2.5,0.05,0.1,652,500,7358,7358,7740,7719
Shadow,NC,SCOUT RIFLE,334 @ 15m,280 @ 75m,Semi,1.95,2.4,12,72,1,0.1,0.2,0.3,0,0,← = →,8,1,0.5,0.1,0.25,0.1,0.15,3,3.5,5,2.5,3,0.3,0.6,255,570,24007,24007,24107,24007
NS-30 Vandal,NS,SCOUT RIFLE,334 @ 15m,280 @ 75m,Semi,2.6,3.5,15,75,1,0.1,0.2,0.3,-13,-10,←,8,1,0.75,0.1,0.25,0.1,0.15,2.75,3.25,5,2.25,2.75,0.3,0.6,255,520,70037,70023,70027,70026
SOAS-20,TR,SCOUT RIFLE,143 @ 10m,125 @ 60m,Auto,2,2.64,24,216,0.3,0.2,0.225,0.6,0,0,← = →,18,1.5,0.5,0.1,0.3,0.1,0.2,2.5,3,5,2,2.5,0.05,0.1,652,500,7365,7365,7747,7726
HSR-1,TR,SCOUT RIFLE,334 @ 15m,280 @ 75m,Semi,1.95,2.4,12,72,1,0.1,0.2,0.3,0,0,← = →,8,1,0.5,0.1,0.25,0.1,0.15,3,3.5,5,2.5,3,0.3,0.6,255,570,25007,25007,25107,25007
Artemis,VS,SCOUT RIFLE,143 @ 10m,125 @ 60m,Auto,2,2.64,24,216,0.3,0.2,0.225,0.6,0,0,← = →,18,1.5,0.5,0.1,0.3,0.1,0.2,2.5,3,5,2,2.5,0.05,0.1,652,500,7372,7372,7754,7733
Nyx,VS,SCOUT RIFLE,334 @ 15m,280 @ 75m,Semi,1.95,2.4,12,72,1,0.1,0.2,0.3,0,0,← = →,8,1,0.5,0.1,0.25,0.1,0.15,3,3.5,5,2.5,3,0.3,0.6,255,540,26007,26007,26107,26007
Piston,NC,SHOTGUN,125x6,4 Spread,Auto,2.6,3.8,6,42,1.5,0.2,0.2,0.4,0,0,← = →,12,1,0.75,0.1,0.9,0.1,0.35,1.5,2,5,1,1.5,0.5,0.5,260,300,40000,40000,40100,40000
GD-66 Claw,NC,SHOTGUN,130x10,3 Spread,Pump,0.7,1.3,4,24,1,0.2,0.2,0.4,0,0,← = →,12,1,0.75,0.1,0.9,0.1,0.35,1.5,2,5,1,1.5,0.5,0.5,80,300,40001,40001,40101,40001
LA39 Bruiser,NC,SHOTGUN,130x11,3.5 Spread,Pump,0.72,1.42,4,24,1,0.2,0.2,0.4,0,0,← = →,12,1,0.75,0.1,0.9,0.1,0.35,1.5,2,5,1,1.5,0.5,0.5,71,300,40002,40002,40102,40002
The Brawler,NC,SHOTGUN,130x6,2.5 Spread,Semi,2.1,3.22,6,42,1.3,0.2,0.2,0.4,0,0,← = →,15,1,0.75,0.1,0.9,0.1,0.35,1.5,2,5,1,1.5,0.5,0.5,225,300,106,736,774,773
Mauler S6,NC,SHOTGUN,130x6,3 Spread,Semi,2.1,3.22,6,42,1.3,0.2,0.2,0.4,0,0,← = →,15,1,0.75,0.1,0.9,0.1,0.35,1.5,2,5,1,1.5,0.5,0.5,225,300,43,37,137,37
Sweeper,NC,SHOTGUN,130x6,3.5 Spread,Semi,3,4,8,40,1.3,0.2,0.2,0.4,0,0,← = →,15,1,0.75,0.1,0.9,0.1,0.35,1.5,2,5,1,1.5,0.5,0.5,225,275,7423,7423,7868,7841
NS Baron G5,NS,SHOTGUN,100x7,2.5 Spread,Semi,0.5,1,6,42,1,0.2,0.2,0.4,-5.8,-5.8,←,15,1,0.75,0.1,0.7,0.1,0.35,1.5,2,5,1,1.5,0.5,0.5,200,400,70019,70012,70051,70050
AS16 Nighthawk,TR,SHOTGUN,125x6,4 Spread,Auto,2.6,3.8,6,42,1.5,0.2,0.2,0.4,0,0,← = →,12,1,0.75,0.1,0.9,0.1,0.35,1.5,2,5,1,1.5,0.5,0.5,260,300,15,13,113,13
TRS-12 Uppercut,TR,SHOTGUN,130x10,3 Spread,Pump,0.7,1.3,4,24,1,0.2,0.2,0.4,0,0,← = →,12,1,0.75,0.1,0.9,0.1,0.35,1.5,2,5,1,1.5,0.5,0.5,80,300,39001,39001,39101,39001
TAS-16 Blackjack,TR,SHOTGUN,130x11,3.5 Spread,Pump,0.72,1.42,4,24,1,0.2,0.2,0.4,0,0,← = →,12,1,0.75,0.1,0.9,0.1,0.35,1.5,2,5,1,1.5,0.5,0.5,71,300,39002,39002,39102,39002
Havoc,TR,SHOTGUN,130x6,2.5 Spread,Semi,2.1,3.22,8,40,1.3,0.2,0.2,0.4,0,0,← = →,15,1,0.75,0.1,0.9,0.1,0.35,1.5,2,5,1,1.5,0.5,0.5,225,300,116,756,814,813
FA1 Barrage,TR,SHOTGUN,130x6,3 Spread,Semi,2.1,3.22,6,42,1.3,0.2,0.2,0.4,0,0,← = →,15,1,0.75,0.1,0.9,0.1,0.35,1.5,2,5,1,1.5,0.5,0.5,225,300,39000,39000,39100,39000
TS4 Haymaker,TR,SHOTGUN,130x6,3.5 Spread,Semi,3,4,8,40,1.3,0.2,0.2,0.4,0,0,← = →,15,1,0.75,0.1,0.9,0.1,0.35,1.5,2,5,1,1.5,0.5,0.5,225,275,7432,7432,7877,7850
Pandora,VS,SHOTGUN,125x6,4 Spread,Auto,2.6,3.8,6,42,1.5,0.2,0.2,0.4,0,0,← = →,12,1,0.75,0.1,0.9,0.1,0.35,1.5,2,5,1,1.5,0.5,0.5,260,275,41000,41000,41100,41000
Phobos VX86,VS,SHOTGUN,130x10,3 Spread,Pump,0.7,1.3,4,24,1,0.2,0.2,0.4,0,0,← = →,12,1,0.75,0.1,0.9,0.1,0.35,1.5,2,5,1,1.5,0.5,0.5,80,275,41001,41001,41101,41001
Deimos VA29,VS,SHOTGUN,130x11,3.5 Spread,Pump,0.72,1.42,4,24,1,0.2,0.2,0.4,0,0,← = →,12,1,0.75,0.1,0.9,0.1,0.35,1.5,2,5,1,1.5,0.5,0.5,71,275,41002,41002,41102,41002
Chaos,VS,SHOTGUN,130x6,2.5 Spread,Semi,2.1,3.22,8,40,1.3,0.2,0.2,0.4,0,0,← = →,15,1,0.75,0.1,0.9,0.1,0.35,1.5,2,5,1,1.5,0.5,0.5,225,275,117,758,818,817
Thanatos,VS,SHOTGUN,130x6,3 Spread,Semi,2.1,3.22,6,42,1.3,0.2,0.2,0.4,0,0,← = →,15,1,0.75,0.1,0.9,0.1,0.35,1.5,2,5,1,1.5,0.5,0.5,225,275,7441,7441,7886,7859
Nova,VS,SHOTGUN,130x6,3.5 Spread,Semi,3,4,8,40,1.3,0.2,0.2,0.4,0,0,← = →,15,1,0.75,0.1,0.9,0.1,0.35,1.5,2,5,1,1.5,0.5,0.5,225,255,44,38,138,38
Blitz GD-10,NC,SMG,125 @ 6m,84 @ 42m,Auto,2.5,3.5,50,200,0.2,0.3,0.3,0.9,20,20,→,18,2,0.75,0.3,0.3,0.3,0.3,1,1.5,5,1,1.25,0.05,0.05,845,360,27001,27001,27101,27001
AF-4 Cyclone,NC,SMG,167 @ 6m,100 @ 46m,Auto,1.855,3,25,150,0.24,0.212,0.304,0.7,0,0,← = →,18,2.25,0.75,0.3,0.3,0.3,0.3,1,1.5,5,1,1.25,0.06,0.06,652,360,27000,27000,27100,27000
Tempest,NC,SMG,167 @ 6m,100 @ 54m,Auto,1.855,3,35,140,0.36,0.212,0.304,0.7,0,0,← = →,18,2.25,0.75,0.2,0.2,0.2,0.2,1,1.5,5,1,1.25,0.06,0.06,652,378,109,742,786,785
MKV Suppressed,NS,SMG,125 @ 10m,91 @ 42m,Auto,2.6,2.84,30,210,0.26,0.2485,0.2485,0.6,8.25,14,→,20,2,0.75,0.3,0.3,0.3,0.3,1,1.5,5,1,1.25,0.05,0.05,779,330,70040,70024,7976,7975
NS-7 PDW,NS,SMG,125 @ 15m,100 @ 65m,Auto,2.35,2.675,30,210,0.2,0.2485,0.2485,0.6,-19,-12.25,←,20,1.5,0.75,0.3,0.3,0.3,0.3,1,1.5,5,1,1.25,0.05,0.05,750,400,7494,7494,8002,7972
SMG-46 Armistice,TR,SMG,125 @ 6m,84 @ 42m,Auto,2.25,2.92,30,210,0.15,0.347,0.376,0.9,0,0,← = →,18,2,0.75,0.3,0.3,0.3,0.3,1,1.5,5,1,1.25,0.05,0.05,896,370,28000,28000,28100,28000
PDW-16 Hailstorm,TR,SMG,125 @ 6m,84 @ 42m,Auto,2.25,2.8,60,180,0.2,0.3,0.331,0.75,17,20,→,20,2,0.75,0.3,0.3,0.3,0.3,1,1.5,5,1,1.25,0.05,0.05,800,360,28001,28001,28101,28001
Shuriken,TR,SMG,125 @ 6m,84 @ 50m,Auto,2.25,2.92,40,200,0.225,0.347,0.376,0.9,0,0,← = →,18,2,0.75,0.2,0.2,0.2,0.2,1,1.5,5,1,1.25,0.05,0.05,896,388,118,760,822,821
Sirius SX12,VS,SMG,125 @ 6m,84 @ 42m,Auto,2.4,3.4,50,200,0.175,0.4,0.4,0.9,0,0,← = →,18,2,0.75,0.3,0.3,0.3,0.3,1,1.5,5,1,1.25,0.05,0.05,845,400,29001,29001,29101,29001
Eridani SX5,VS,SMG,143 @ 10m,91 @ 40m,Auto,1.74,2.8,25,175,0.2,0.3,0.392,0.9,20,20,→,18,2,0.75,0.3,0.3,0.3,0.3,1,1.5,5,1,1.25,0.05,0.05,750,360,29000,29000,29100,29000
Skorpios,VS,SMG,143 @ 10m,91 @ 48m,Auto,1.74,2.8,35,175,0.3,0.3,0.392,0.9,20,20,→,18,2,0.75,0.2,0.2,0.2,0.2,1,1.5,5,1,1.25,0.05,0.05,750,378,119,762,826,825
Gauss SPR,NC,SNIPER,400 @ 10m,334 @ 85m,Semi,2.125,2.975,10,60,1.2,0.1,0.2,0.2,6,15,→,6,1,0.5,0,0.55,0,0.2,6,6.5,7,5.5,6,0.8,0.8,231,550,24000,24000,24100,24000
Impetus,NC,SNIPER,400 @ 10m,334 @ 85m,Semi,2.125,2.975,10,60,1.3,0.1,0.2,0.2,-15,15,← = →,6,1,0.5,0,0.55,0,0.2,6,6.5,7,5.5,6,0.8,0.8,231,500,24002,24002,24102,24002
LA80,NC,SNIPER,650 @ 10m,400 @ 350m,Bolt,3.1,4.7,5,35,0.4,0.1,0.1,0.2,0,0,← = →,5,1,0.5,0,0.55,0,0.2,5,6,6,4.5,5,1,1,43,600,24003,24003,24103,24003
NC14 Bolt Driver,NC,SNIPER,650 @ 10m,400 @ 350m,Bolt,3,4.6,5,35,0.4,0.1,0.1,0.2,0,0,← = →,5,1,0.5,0,0.55,0,0.2,5,6,6,4.5,5,1,1,49,550,31,28,128,28
SAS-R,NC,SNIPER,700 @ 10m,400 @ 265m,Bolt,2.8,4,5,35,0.4,0.1,0.1,0.2,0,0,← = →,5,1,0.5,0,0.55,0,0.2,5,6,6,4.5,5,1,1,55,500,24001,24001,24101,24001
Longshot,NC,SNIPER,700 @ 10m,400 @ 400m,Bolt,4.72,5.575,5,35,0.4,0.1,0.1,0.2,0,0,← = →,5,1,0.5,0,0.55,0,0.2,5.5,6.5,6.5,5,5.5,1,1,40,650,24004,24004,24104,24004
The Moonshot,NC,SNIPER,750 @ 10m,400 @ 335m,Bolt,4.72,5.575,5,35,0.3,0.1,0.1,0.2,0,0,← = →,5,1,0.5,0,0.55,0,0.2,6,7,6.5,5.5,6,1,1,40,680,123,770,842,841
NC17 Railjack,NC,SNIPER,750 @ 10m,450 @ 400m,Bolt,4.1,5.1,4,36,0.4,0,0,0.2,0,0,← = →,5,1,0.5,0,0.55,0,0.2,5.5,6.5,6.5,5,5.5,1,1,32,850,7301,7301,7662,7599
TRAP-M1,TR,SNIPER,184 @ 15m,167 @ 85m,Semi,2.315,3.25,18,126,1,0.15,0.175,0.4375,11,13,→,6,1,0.5,0,0.32,0,0.17,3.5,4,5,3,3.5,0.07,0.14,857,600,7316,7316,7679,7678
99SV,TR,SNIPER,400 @ 10m,334 @ 85m,Semi,2.125,2.975,10,60,1.2,0.1,0.2,0.2,6,15,→,6,1,0.5,0,0.55,0,0.2,6,6.5,7,5.5,6,0.8,0.8,231,550,32,29,129,29
KSR-35,TR,SNIPER,400 @ 10m,334 @ 85m,Semi,2.125,2.975,10,60,1.3,0.1,0.2,0.2,-15,15,← = →,6,1,0.5,0,0.55,0,0.2,6,6.5,7,5.5,6,0.8,0.8,231,500,25002,25002,25102,25002
M77-B,TR,SNIPER,650 @ 10m,400 @ 350m,Bolt,3,4.6,5,35,0.4,0.1,0.1,0.2,0,0,← = →,5,1,0.5,0,0.55,0,0.2,5,6,6,4.5,5,1,1,49,550,25000,25000,25100,25000
SR-7,TR,SNIPER,650 @ 10m,400 @ 350m,Bolt,3.1,4.7,5,35,0.4,0.1,0.1,0.2,0,0,← = →,5,1,0.5,0,0.55,0,0.2,5,6,6,4.5,5,1,1,43,600,25003,25003,25103,25003
TSAR-42,TR,SNIPER,700 @ 10m,400 @ 265m,Bolt,2.8,4,5,35,0.4,0.1,0.1,0.2,0,0,← = →,5,1,0.5,0,0.55,0,0.2,5,6,6,4.5,5,1,1,55,500,25001,25001,25101,25001
RAMS .50M,TR,SNIPER,700 @ 10m,400 @ 400m,Bolt,4.72,5.575,5,35,0.4,0.1,0.1,0.2,0,0,← = →,5,1,0.5,0,0.55,0,0.2,5.5,6.5,6.5,5,5.5,1,1,40,650,25004,25004,25104,25004
Bighorn .50M,TR,SNIPER,750 @ 10m,400 @ 330m,Bolt,4.72,5.575,5,35,0.3,0.1,0.1,0.2,0,0,← = →,5,1,0.5,0,0.55,0,0.2,6,7,7,6,6,1,1,40,680,124,772,846,845
Phantom,VS,SNIPER,400 @ 8m,260 @ 200m,Semi,2.125,2.975,10,60,1.3,0.1,0.2,0.2,-15,15,← = →,6,1,0.5,0,0.55,0,0.2,6,6.5,7,5.5,6,0.8,0.8,231,525,26002,26002,26102,26002
VA39 Spectre,VS,SNIPER,400 @ 8m,260 @ 200m,Semi,2.125,2.975,10,60,1.2,0.1,0.2,0.2,6,15,→,6,1,0.5,0,0.55,0,0.2,6,6.5,7,5.5,6,0.8,0.8,231,570,33,30,130,30
Phaseshift VX-S,VS,SNIPER,400 @ 8m,260 @ 200m,Semi,3,4,,,1.2,0.1,0.2,0.2,6,15,→,6,1,0.5,0,0.55,0,0.2,6,6.5,7,5.5,6,0.8,0.8,184,550,7337,7337,7698,7635
V10,VS,SNIPER,650 @ 10m,400 @ 350m,Bolt,3.1,4.7,5,35,0.4,0.1,0.1,0.2,0,0,← = →,5,1,0.5,0,0.55,0,0.2,5,6,6,4.5,5,1,1,43,600,26003,26003,26103,26003
XM98,VS,SNIPER,650 @ 10m,400 @ 350m,Bolt,3,4.6,5,35,0.4,0.1,0.1,0.2,0,0,← = →,5,1,0.5,0,0.55,0,0.2,5,6,6,4.5,5,1,1,49,550,26000,26000,26100,26000
Ghost,VS,SNIPER,700 @ 10m,400 @ 265m,Bolt,2.8,4,5,35,0.4,0.1,0.1,0.2,0,0,← = →,5,1,0.5,0,0.55,0,0.2,5,6,6,4.5,5,1,1,55,500,26001,26001,26101,26001
Parallax,VS,SNIPER,700 @ 10m,400 @ 400m,Bolt,4.72,5.575,5,35,0.4,0.1,0.1,0.2,0,0,← = →,5,1,0.5,0,0.55,0,0.2,5.5,6.5,6.5,5,5.5,1,1,40,650,26004,26004,26104,26004
Parsec VX3-A,VS,SNIPER,750 @ 10m,400 @ 330m,Bolt,4.72,5.575,5,35,0.3,0.1,0.1,0.2,0,0,← = →,5,1,0.5,0,0.55,0,0.2,6,7,7,6,6,1,1,40,680,124,772,846,845